Run Date,Symbol,Company,Sector,Industry,Total Score,Tech Score,Fund Score,Grade,Flags,Close (₹),Day Change %,EMA 20,EMA 50,EMA 200,EMA Stack ✓,Supertrend,% from 52W High,RSI (14),MACD,MACD Signal,MACD Histogram,MACD Cross ✓,ADX,Volume,20D Avg Volume,Volume Ratio,Market Cap (Cr),P/E Ratio,Forward P/E,ROE %,Debt/Equity,Revenue Growth %,Earnings Growth %,Price/Book,Dividend Yield %,Current Ratio,Screener Link,TradingView Link
2026-10-01,KOTAKBANK,Kotak Mahindra Bank Limited,Financial Services,Banks - Regional,66.0,40.2,25.8,B,📈 EMA Bull Stack | 📊 High Volume | 🏆 Near 52W High | 📉 Tight Base,417.0,2.71,411.07,406.19,399.22,✓,Sell,92.17,56.45,0.2673,1.6484,-1.3811,,25.88,32537029,12653960,2.57,416170.0,20.517412,17.80935,,,21.0,22.5,2.2960906,16.0,,https://www.screener.in/company/KOTAKBANK/,https://www.tradingview.com/chart/?symbol=NSE:KOTAKBANK
2026-10-01,COALINDIA,Coal India Limited,Energy,Thermal Coal,63.6,37.0,26.6,B,✅ Supertrend Buy | 📈 EMA Bull Stack | 📉 Tight Base,425.0,0.0,419.99,417.46,414.45,✓,Buy,88.78,56.51,3.6468,3.5499,0.097,,23.7,7436925,7839224,0.95,259081.0,8.31981,7.4410095,,11.629,45.1,1.2,2.1750827,494.0,,https://www.screener.in/company/COALINDIA/,https://www.tradingview.com/chart/?symbol=NSE:COALINDIA
2026-10-01,MCX,Multi Commodity Exchange of India Limited,Financial Services,Financial Data & Stock Exchanges,60.0,32.2,27.8,B,✅ Supertrend Buy | 📈 EMA Bull Stack | 🏆 Near 52W High | 📉 Tight Base,3300.4,2.12,3263.95,3143.17,2749.89,✓,Buy,94.8,54.36,46.6939,61.237,-14.5431,,20.22,2066935,1859866,1.11,,53.046356,39.583183,,0.113,85.3,103.4,19.378134,24.0,,https://www.screener.in/company/MCX/,https://www.tradingview.com/chart/?symbol=NSE:MCX
2026-10-01,ADANIPORTS,Adani Ports and Special Economic Zone Limited,Industrials,Marine Shipping,57.7,37.0,20.7,C,✅ Supertrend Buy | 📈 EMA Bull Stack | 🏆 Near 52W High | 📉 Tight Base,1798.3,-1.3,1763.62,1744.98,1649.57,✓,Buy,95.09,55.9,22.1765,18.6701,3.5064,,18.03,3199507,2008620,1.59,400382.0,29.645174,22.230867,,64.051,18.6,2.4,4.172439,42.0,,https://www.screener.in/company/ADANIPORTS/,https://www.tradingview.com/chart/?symbol=NSE:ADANIPORTS
2026-10-01,DIVISLAB,Divi's Laboratories Limited,Healthcare,Drug Manufacturers - Specialty & Generic,57.0,30.4,26.6,C,✅ Supertrend Buy | 📈 EMA Bull Stack | 🏆 Near 52W High | 📉 Tight Base | 🏦 Zero Debt,9291.5,-1.48,9325.66,8795.06,7407.81,✓,Buy,95.4,52.93,188.1964,236.1175,-47.921,,43.45,541269,478306,1.13,245532.0,83.64837,61.465775,,0.042,27.8,65.7,14.649003,32.0,,https://www.screener.in/company/DIVISLAB/,https://www.tradingview.com/chart/?symbol=NSE:DIVISLAB
2026-10-01,FILATEX,Filatex India Limited,Consumer Cyclical,Textile Manufacturing,56.699999999999996,37.8,18.9,C,✅ Supertrend Buy | 📈 EMA Bull Stack | 🏆 Near 52W High,107.76,-3.79,96.1,84.59,64.07,✓,Buy,94.58,68.43,8.5431,6.6785,1.8646,,37.49,2227616,6848686,0.33,4711.0,24.674417,7.983446,,9.988,9.1,18.5,4.8972993,28.0,,https://www.screener.in/company/FILATEX/,https://www.tradingview.com/chart/?symbol=NSE:FILATEX
2026-10-01,GREENPLY,Greenply Industries Limited,Basic Materials,Lumber & Wood Production,56.599999999999994,35.4,21.2,C,📈 EMA Bull Stack | 📊 High Volume | 📉 Tight Base,299.95,7.03,290.57,290.47,278.16,✓,Sell,89.85,56.27,-0.4778,-0.3756,-0.1022,,13.22,859868,250612,3.43,3793.0,38.345963,18.146826,,57.505,20.7,32.0,4.204799,17.0,,https://www.screener.in/company/GREENPLY/,https://www.tradingview.com/chart/?symbol=NSE:GREENPLY
2026-10-01,DLF,DLF Limited,Real Estate,Real Estate - Development,55.2,34.6,20.6,C,✅ Supertrend Buy | 📈 EMA Bull Stack | 📉 Tight Base | 👤 High Promoter,674.0,3.22,662.31,657.04,646.04,✓,Buy,86.77,54.51,1.2658,-0.583,1.8488,,16.54,5830044,3850101,1.51,162975.0,36.72058,25.900347,10.1,0.673,-52.9,4.2,3.5839486,119.0,,https://www.screener.in/company/DLF/,https://www.tradingview.com/chart/?symbol=NSE:DLF
2026-10-01,SYRMA,Syrma SGS Technology Limited,Technology,Electronic Components,55.1,37.0,18.1,C,✅ Supertrend Buy | 📈 EMA Bull Stack | 🏆 Near 52W High,1782.9,5.33,1648.68,1537.05,1205.46,✓,Buy,97.96,66.69,70.5821,63.1472,7.4349,,23.22,3788979,2896109,1.31,33091.0,89.19522,54.98128,,13.045,68.3,86.0,11.4815235,8.0,,https://www.screener.in/company/SYRMA/,https://www.tradingview.com/chart/?symbol=NSE:SYRMA
2026-10-01,WESTLIFE,Westlife Foodworld Limited,Consumer Cyclical,Restaurants,53.9,37.8,16.1,C,✅ Supertrend Buy | 📈 EMA Bull Stack | 📉 Tight Base,589.85,-1.13,571.09,553.18,533.04,✓,Buy,77.28,58.43,9.1121,6.4424,2.6697,,30.11,58873,519359,0.11,9127.0,292.5622,111.92552,,291.521,11.4,-50.0,15.039256,14.0,,https://www.screener.in/company/WESTLIFE/,https://www.tradingview.com/chart/?symbol=NSE:WESTLIFE
2026-10-01,AEGISLOG,Aegis Logistics Limited,Energy,Oil & Gas Refining & Marketing,51.599999999999994,27.4,24.2,C,✅ Supertrend Buy | 📈 EMA Bull Stack | 🏆 Near 52W High,1380.1,6.18,1351.11,1302.28,1028.97,✓,Buy,90.28,53.7,14.0558,19.3251,-5.2692,,16.74,1090547,918099,1.19,49179.0,39.345688,33.31724,,47.243,37.1,269.0,8.1219425,97.0,,https://www.screener.in/company/AEGISLOG/,https://www.tradingview.com/chart/?symbol=NSE:AEGISLOG
2026-10-01,SAIL,Steel Authority of India Limited,Basic Materials,Steel,51.1,32.2,18.9,C,📈 EMA Bull Stack | 📉 Tight Base,181.49,1.13,179.61,177.79,166.13,✓,Sell,87.68,53.11,0.4116,0.2727,0.1389,,18.04,15646382,15196435,1.03,72078.0,16.87621,11.0012455,,52.899,1.3,121.1,1.1951972,129.0,,https://www.screener.in/company/SAIL/,https://www.tradingview.com/chart/?symbol=NSE:SAIL
2026-10-01,AVALON,Avalon Technologies Limited,Technology,Electronic Components,50.9,32.8,18.1,C,✅ Supertrend Buy | 📈 EMA Bull Stack | 📊 High Volume,2296.7,-0.23,2300.2,2141.13,1602.03,✓,Buy,87.73,52.15,56.0797,75.5063,-19.4266,,22.93,2010767,740746,2.71,15251.0,114.12412,62.28613,,29.503,49.8,145.3,21.10632,0.0,,https://www.screener.in/company/AVALON/,https://www.tradingview.com/chart/?symbol=NSE:AVALON
2026-10-01,WELSPUNLIV,Welspun Living Limited,Consumer Cyclical,Textile Manufacturing,50.300000000000004,32.2,18.1,C,✅ Supertrend Buy | 📈 EMA Bull Stack | 🏆 Near 52W High | 📉 Tight Base,227.33,0.94,213.75,195.76,158.84,✓,Buy,97.57,74.0,10.2636,10.0229,0.2408,,43.09,3089710,4283043,0.72,22517.0,82.189,25.940346,,46.501,23.7,83.7,4.6650023,4.0,,https://www.screener.in/company/WELSPUNLIV/,https://www.tradingview.com/chart/?symbol=NSE:WELSPUNLIV
2026-10-01,MRPL,Mangalore Refinery and Petrochemicals Limited,Energy,Oil & Gas Refining & Marketing,50.2,22.4,27.8,C,✅ Supertrend Buy | 📈 EMA Bull Stack | 📊 High Volume | 👤 High Promoter,169.29,-1.37,169.43,169.25,163.16,✓,Buy,79.85,49.34,-1.083,-1.0731,-0.0099,,15.89,30852898,11530378,2.68,28876.0,9.189068,3.2179687,,108.059,120.4,,2.0264435,236.0,,https://www.screener.in/company/MRPL/,https://www.tradingview.com/chart/?symbol=NSE:MRPL
2026-10-01,PHOENIXLTD,The Phoenix Mills Limited,Real Estate,Real Estate - Diversified,48.900000000000006,32.2,16.7,C,✅ Supertrend Buy | 📈 EMA Bull Stack | 📉 Tight Base,1935.0,0.31,1925.63,1921.49,1822.84,✓,Buy,89.3,51.9,8.3882,2.0993,6.2889,,13.59,421345,379933,1.11,69032.0,54.67422,38.688435,,37.211,12.8,23.3,6.2803645,13.0,,https://www.screener.in/company/PHOENIXLTD/,https://www.tradingview.com/chart/?symbol=NSE:PHOENIXLTD
2026-10-01,UNIONBANK,Union Bank of India,Financial Services,Banks - Regional,48.699999999999996,16.4,32.3,C,📊 High Volume | 📉 Tight Base | 👤 High Promoter,171.0,3.01,177.52,177.91,168.44,✗,Sell,85.67,39.2,-2.5452,-1.3373,-1.2079,,26.41,16921657,7950318,2.13,127932.0,6.2001476,6.2578645,15.8,,16.4,27.4,0.91694474,292.0,,https://www.screener.in/company/UNIONBANK/,https://www.tradingview.com/chart/?symbol=NSE:UNIONBANK
2026-10-01,HFCL,HFCL Limited,Technology,Communication Equipment,47.900000000000006,29.8,18.1,C,📈 EMA Bull Stack,227.02,5.0,220.82,217.86,162.74,✓,Sell,88.52,53.34,-2.9697,-2.2088,-0.7609,,20.73,3383926,5902572,0.57,36475.0,62.072918,45.838463,,38.321,119.9,,7.1896963,9.0,,https://www.screener.in/company/HFCL/,https://www.tradingview.com/chart/?symbol=NSE:HFCL
2026-10-01,HAL,Hindustan Aeronautics Limited,Industrials,Aerospace & Defense,47.2,16.8,30.4,C,📈 EMA Bull Stack | 🏆 Near 52W High | 📉 Tight Base | 👤 High Promoter,4668.0,2.61,4781.4,4757.71,4523.17,✓,Sell,90.64,42.51,-39.4536,-14.2899,-25.1637,,17.76,1233758,835808,1.48,307703.0,32.965534,26.64076,,0.16,14.4,14.9,7.4974413,43.0,,https://www.screener.in/company/HAL/,https://www.tradingview.com/chart/?symbol=NSE:HAL
2026-10-01,RAYMOND,Raymond Limited,Industrials,Specialty Industrial Machinery,46.800000000000004,32.2,14.6,C,✅ Supertrend Buy | 📈 EMA Bull Stack | 🏆 Near 52W High,1213.05,2.3,1020.29,843.63,626.16,✓,Buy,97.75,83.23,132.4049,118.8024,13.6025,,65.87,1545036,6791163,0.23,7968.0,182.77861,70.84023,,34.127,15.5,-99.6,2.8015425,0.0,,https://www.screener.in/company/RAYMOND/,https://www.tradingview.com/chart/?symbol=NSE:RAYMOND
2026-10-01,LAURUSLABS,Laurus Labs Limited,Healthcare,Drug Manufacturers - Specialty & Generic,46.7,32.2,14.5,C,✅ Supertrend Buy | 📈 EMA Bull Stack | 🏆 Near 52W High | 📉 Tight Base,1980.0,0.05,1959.05,1852.73,1457.54,✓,Buy,96.34,57.79,42.5129,47.3981,-4.8853,,20.24,1397926,1617785,0.86,107198.0,98.21782,67.461655,,46.369,29.1,125.2,20.20881,12.0,,https://www.screener.in/company/LAURUSLABS/,https://www.tradingview.com/chart/?symbol=NSE:LAURUSLABS
2026-10-01,MOTHERSON,Samvardhana Motherson International Limited,Consumer Cyclical,Auto Parts,46.599999999999994,27.4,19.2,C,📈 EMA Bull Stack | 🏆 Near 52W High | 📉 Tight Base,163.26,2.96,162.63,159.77,139.33,✓,Sell,94.22,51.48,0.0249,0.2727,-0.2478,,17.15,15307995,10676453,1.43,165372.0,37.747597,22.609306,,43.908,16.6,104.2,4.0355163,31.0,,https://www.screener.in/company/MOTHERSON/,https://www.tradingview.com/chart/?symbol=NSE:MOTHERSON
2026-10-01,TITAN,Titan Company Limited,Consumer Cyclical,Luxury Goods,45.9,27.2,18.7,C,📈 EMA Bull Stack | 📉 Tight Base,4587.0,-1.88,4867.74,4860.0,4448.8,✓,Sell,88.44,29.15,-68.9585,-34.7526,-34.206,,31.74,927060,588370,1.58,400684.0,69.81602,50.774582,,195.001,29.3,62.8,25.530027,33.0,,https://www.screener.in/company/TITAN/,https://www.tradingview.com/chart/?symbol=NSE:TITAN
2026-10-01,OFSS,Oracle Financial Services Software Limited,Technology,Software - Infrastructure,45.0,6.0,39.0,C,📉 Tight Base | 💎 High ROE | 👤 High Promoter,10630.0,2.15,11218.3,11304.95,9879.27,✗,Sell,84.77,36.21,-295.1728,-176.5279,-118.6449,,17.75,272759,216082,1.26,90760.0,26.637354,22.98445,49.9,0.567,68.7,120.2,13.09733,626.0,4.413,https://www.screener.in/company/OFSS/,https://www.tradingview.com/chart/?symbol=NSE:OFSS
2026-10-01,COFORGE,Coforge Limited,Technology,Information Technology Services,44.2,24.8,19.4,D,📈 EMA Bull Stack | 📉 Tight Base,1749.1,1.57,1806.88,1771.06,1603.9,✓,Sell,86.54,40.91,-21.3425,-6.2093,-15.1332,,31.43,3113656,2333975,1.33,80899.0,37.418034,25.635433,,7.518,49.9,30.9,6.430415,91.0,,https://www.screener.in/company/COFORGE/,https://www.tradingview.com/chart/?symbol=NSE:COFORGE
2026-10-01,WHIRLPOOL,Whirlpool of India Limited,Consumer Cyclical,"Furnishings, Fixtures & Appliances",44.0,29.4,14.6,D,✅ Supertrend Buy,890.25,0.23,819.89,803.08,872.34,✗,Buy,62.32,65.17,26.7803,9.9683,16.812,,31.41,3226987,2978370,1.08,10936.0,43.60577,24.76205,,8.621,12.1,-29.4,2.6280153,56.0,,https://www.screener.in/company/WHIRLPOOL/,https://www.tradingview.com/chart/?symbol=NSE:WHIRLPOOL
2026-10-01,GLENMARK,Glenmark Pharmaceuticals Limited,Healthcare,Drug Manufacturers - Specialty & Generic,43.599999999999994,22.4,21.2,D,✅ Supertrend Buy | 📈 EMA Bull Stack | 📊 High Volume | 🏆 Near 52W High | 📉 Tight Base,2334.7,-4.37,2406.66,2368.41,2231.28,✓,Buy,92.1,43.49,3.1424,17.314,-14.1716,,19.94,1261905,526883,2.4,65787.0,36.570442,23.86682,,5.646,23.1,930.7,6.258138,32.0,,https://www.screener.in/company/GLENMARK/,https://www.tradingview.com/chart/?symbol=NSE:GLENMARK
2026-10-01,DRREDDY,Dr. Reddy's Laboratories Limited,Healthcare,Drug Manufacturers - Specialty & Generic,43.5,34.2,9.3,D,✅ Supertrend Buy | 📊 High Volume | 📉 Tight Base,1233.0,-1.51,1194.52,1194.92,1229.02,✗,Buy,87.7,62.75,14.3793,5.5329,8.8464,,24.34,4026022,1814150,2.22,100475.0,30.38287,20.410103,8.84,18.605,-5.6,-68.7,2.6204307,65.0,1.902,https://www.screener.in/company/DRREDDY/,https://www.tradingview.com/chart/?symbol=NSE:DRREDDY
2026-10-01,PNB,Punjab National Bank,Financial Services,Banks - Regional,42.6,16.8,25.8,D,📈 EMA Bull Stack | 📉 Tight Base | 👤 High Promoter,113.06,1.17,115.51,114.4,111.52,✓,Sell,86.09,41.96,-0.3081,0.3231,-0.6312,,16.22,15255055,12729521,1.2,125928.0,5.700833,6.388563,14.97,,-6.4,175.0,0.805342,265.0,,https://www.screener.in/company/PNB/,https://www.tradingview.com/chart/?symbol=NSE:PNB
2026-10-01,INDHOTEL,The Indian Hotels Company Limited,Consumer Cyclical,Lodging,42.0,27.4,14.6,D,✅ Supertrend Buy | 📈 EMA Bull Stack | 🏆 Near 52W High | 📉 Tight Base,728.65,2.0,725.26,722.66,704.96,✓,Buy,96.2,51.66,-0.0533,0.4542,-0.5074,,15.82,3733640,2945652,1.27,103866.0,47.612732,38.427307,,18.987,15.1,20.7,7.8302217,45.0,,https://www.screener.in/company/INDHOTEL/,https://www.tradingview.com/chart/?symbol=NSE:INDHOTEL
2026-10-01,FEDERALBNK,The Federal Bank Limited,Financial Services,Banks - Regional,41.0,14.0,27.0,D,📉 Tight Base,317.4,-0.87,333.33,337.71,304.92,✗,Sell,85.68,29.21,-7.1419,-5.2611,-1.8807,,30.26,5485971,5385649,1.02,78604.0,17.025146,12.975972,,,21.4,32.7,1.9588168,38.0,,https://www.screener.in/company/FEDERALBNK/,https://www.tradingview.com/chart/?symbol=NSE:FEDERALBNK
2026-10-01,BHEL,Bharat Heavy Electricals Limited,Industrials,Specialty Industrial Machinery,40.9,19.2,21.7,D,✅ Supertrend Buy | 📈 EMA Bull Stack | 🏆 Near 52W High | 📉 Tight Base,415.5,0.52,421.49,417.48,361.4,✓,Buy,93.06,46.21,-1.4727,0.5694,-2.0421,,17.89,8153812,5992947,1.36,146595.0,60.315186,30.107279,,31.312,40.3,,5.6066804,34.0,,https://www.screener.in/company/BHEL/,https://www.tradingview.com/chart/?symbol=NSE:BHEL
2026-10-01,AUROPHARMA,Aurobindo Pharma Limited,Healthcare,Drug Manufacturers - Specialty & Generic,40.8,21.6,19.2,D,✅ Supertrend Buy | 📈 EMA Bull Stack | 🏆 Near 52W High | 📉 Tight Base,1672.0,-1.51,1685.29,1644.72,1458.95,✓,Buy,96.09,49.06,15.9361,19.8592,-3.9231,,18.6,1138610,751644,1.51,96479.0,25.78899,17.964752,,21.31,16.3,25.8,2.5702379,24.0,,https://www.screener.in/company/AUROPHARMA/,https://www.tradingview.com/chart/?symbol=NSE:AUROPHARMA
2026-10-01,MANAPPURAM,Manappuram Finance Limited,Financial Services,Credit Services,40.8,16.4,24.4,D,📉 Tight Base,315.85,-0.19,325.22,332.03,313.23,✗,Sell,83.02,41.15,-6.4942,-6.6978,0.2036,,31.64,3430831,4324006,0.79,29016.0,18.881416,10.030334,,360.191,80.1,288.5,1.8077753,127.0,,https://www.screener.in/company/MANAPPURAM/,https://www.tradingview.com/chart/?symbol=NSE:MANAPPURAM
2026-10-01,BANDHANBNK,Bandhan Bank Limited,Financial Services,Banks - Regional,39.8,14.0,25.8,D,✅ Supertrend Buy | 📉 Tight Base,178.23,-3.82,178.3,178.34,177.05,✗,Buy,81.43,50.71,2.7971,1.9705,0.8266,,17.83,13031625,13339868,0.98,28356.0,20.977354,8.702588,,,21.6,34.6,1.1071689,84.0,,https://www.screener.in/company/BANDHANBNK/,https://www.tradingview.com/chart/?symbol=NSE:BANDHANBNK
2026-10-01,IDFCFIRSTB,IDFC First Bank Limited,Financial Services,Banks - Regional,39.7,21.6,18.1,D,📈 EMA Bull Stack | 🏆 Near 52W High | 📉 Tight Base,81.44,2.49,84.19,83.68,78.33,✓,Sell,90.88,40.72,-0.8481,-0.1282,-0.7199,,21.27,23332019,22599382,1.03,69319.0,31.03861,11.817558,5.26,,29.8,116.4,1.4223787,31.0,,https://www.screener.in/company/IDFCFIRSTB/,https://www.tradingview.com/chart/?symbol=NSE:IDFCFIRSTB
2026-10-01,GABRIEL,Gabriel India Limited,Consumer Cyclical,Auto Parts,39.4,19.2,20.2,D,✅ Supertrend Buy | 📈 EMA Bull Stack,1341.8,2.91,1360.28,1354.97,1208.52,✓,Buy,84.04,47.58,-8.4878,-8.9756,0.4878,,18.43,243468,643972,0.38,25200.0,74.67348,33.08176,,10.642,29.8,40.6,13.821736,37.0,,https://www.screener.in/company/GABRIEL/,https://www.tradingview.com/chart/?symbol=NSE:GABRIEL
2026-10-01,METROPOLIS,Metropolis Healthcare Limited,Healthcare,Diagnostics & Research,39.099999999999994,22.4,16.7,D,📈 EMA Bull Stack | 📊 High Volume | 📉 Tight Base,541.7,-3.66,577.1,572.26,535.76,✓,Sell,88.94,32.68,-2.5675,2.448,-5.0155,,14.44,572003,212211,2.7,11159.0,55.16923,34.700768,,15.212,16.6,12.7,7.3701086,37.0,,https://www.screener.in/company/METROPOLIS/,https://www.tradingview.com/chart/?symbol=NSE:METROPOLIS
2026-10-01,TORNTPHARM,Torrent Pharmaceuticals Limited,Healthcare,Drug Manufacturers - Specialty & Generic,38.5,16.8,21.7,D,✅ Supertrend Buy | 📈 EMA Bull Stack | 🏆 Near 52W High | 📉 Tight Base,4800.0,-1.92,4911.51,4888.62,4498.83,✓,Buy,91.43,42.59,-12.8641,-4.2486,-8.6155,,15.07,397999,339235,1.17,181333.0,76.39903,51.178196,,85.446,54.8,-8.2,19.23446,79.0,,https://www.screener.in/company/TORNTPHARM/,https://www.tradingview.com/chart/?symbol=NSE:TORNTPHARM
2026-10-01,ARVIND,Arvind Limited,Consumer Cyclical,Textile Manufacturing,38.3,19.2,19.1,D,✅ Supertrend Buy | 📈 EMA Bull Stack | 📉 Tight Base,539.9,-1.02,549.57,542.05,461.62,✓,Buy,88.92,46.19,-0.7704,1.5072,-2.2776,,13.87,644224,627982,1.03,14000.0,33.7579,20.745558,,40.071,24.7,0.5,3.4613166,83.0,,https://www.screener.in/company/ARVIND/,https://www.tradingview.com/chart/?symbol=NSE:ARVIND
2026-10-01,BEML,BEML Limited,Industrials,Conglomerates,38.2,21.6,16.6,D,📈 EMA Bull Stack | 📉 Tight Base,1992.4,1.31,2013.48,1950.46,1849.83,✓,Sell,88.31,49.2,20.023,34.8518,-14.8289,,21.08,204724,428509,0.48,16344.0,91.184944,27.084888,,10.529,29.3,,5.5708227,89.0,,https://www.screener.in/company/BEML/,https://www.tradingview.com/chart/?symbol=NSE:BEML
2026-10-01,SUNDRMFAST,Sundram Fasteners Limited,Consumer Cyclical,Auto Parts,38.0,16.8,21.2,D,📈 EMA Bull Stack | 📉 Tight Base,1139.3,-0.34,1190.08,1147.43,1001.79,✓,Sell,84.57,37.5,-4.7492,10.2768,-15.026,,29.94,74514,272241,0.27,23610.0,38.678143,26.97719,,14.532,20.4,13.5,5.52276,75.0,,https://www.screener.in/company/SUNDRMFAST/,https://www.tradingview.com/chart/?symbol=NSE:SUNDRMFAST
2026-10-01,MANYAVAR,Vedant Fashions Limited,Consumer Cyclical,Apparel Manufacturing,37.599999999999994,19.2,18.4,D,✅ Supertrend Buy | 📈 EMA Bull Stack | 📉 Tight Base | 👤 High Promoter,535.1,0.64,540.29,516.12,495.77,✓,Buy,76.3,49.26,2.2499,7.6048,-5.3548,,28.68,127982,363341,0.35,12615.0,32.674637,27.960941,,23.295,7.2,14.9,6.4143906,145.0,,https://www.screener.in/company/MANYAVAR/,https://www.tradingview.com/chart/?symbol=NSE:MANYAVAR
2026-10-01,PETRONET,Petronet LNG Limited,Energy,Oil & Gas Refining & Marketing,36.7,21.6,15.1,D,✅ Supertrend Buy | 📈 EMA Bull Stack | 📉 Tight Base,284.5,0.55,286.4,284.95,279.01,✓,Buy,88.17,47.8,-0.2798,0.1017,-0.3815,,16.65,2419296,1577778,1.53,42825.0,10.178253,10.065676,,10.507,-53.2,35.1,1.9213428,351.0,,https://www.screener.in/company/PETRONET/,https://www.tradingview.com/chart/?symbol=NSE:PETRONET
2026-10-01,HEROMOTOCO,Hero MotoCorp Limited,Consumer Cyclical,Auto Manufacturers,36.7,14.4,22.3,D,📈 EMA Bull Stack | 📉 Tight Base,5241.0,0.63,5333.89,5331.75,5211.29,✓,Sell,84.87,44.09,-35.3284,-34.6151,-0.7133,,19.2,567810,451647,1.26,103433.0,18.979763,15.87117,,3.57,34.9,-17.2,4.784853,353.0,,https://www.screener.in/company/HEROMOTOCO/,https://www.tradingview.com/chart/?symbol=NSE:HEROMOTOCO
2026-10-01,OBEROIRLTY,Oberoi Realty Limited,Real Estate,Real Estate - Development,36.7,10.8,25.9,D,✅ Supertrend Buy | 📉 Tight Base,1765.7,0.16,1807.23,1811.3,1725.87,✗,Buy,89.0,43.37,-8.7768,-9.6704,0.8935,,15.6,573434,479146,1.2,63798.0,24.238153,16.492826,,15.765,31.7,28.9,3.5598135,45.0,,https://www.screener.in/company/OBEROIRLTY/,https://www.tradingview.com/chart/?symbol=NSE:OBEROIRLTY
2026-10-01,RATEGAIN,RateGain Travel Technologies Limited,Technology,Software - Application,36.599999999999994,16.4,20.2,D,⚡ Fresh MACD Cross | 📉 Tight Base,851.55,2.6,857.93,873.97,765.23,✗,Sell,81.1,45.6,-18.929,-19.0364,0.1075,✓,15.61,381974,287671,1.33,9955.0,41.12769,22.83247,,47.296,187.6,101.5,4.949455,0.0,,https://www.screener.in/company/RATEGAIN/,https://www.tradingview.com/chart/?symbol=NSE:RATEGAIN
2026-10-01,SIEMENS,Siemens Limited,Industrials,Specialty Industrial Machinery,36.5,19.2,17.3,D,📈 EMA Bull Stack | 📉 Tight Base | 👤 High Promoter,3725.6,0.42,3854.86,3850.76,3591.55,✓,Sell,89.79,38.16,-41.9695,-22.1755,-19.794,,21.76,183302,249581,0.73,135468.0,80.38884,56.13101,,2.213,14.8,406.1,9.788029,48.0,,https://www.screener.in/company/SIEMENS/,https://www.tradingview.com/chart/?symbol=NSE:SIEMENS
2026-10-01,RBLBANK,RBL Bank Limited,Financial Services,Banks - Regional,36.0,16.8,19.2,D,✅ Supertrend Buy | 📈 EMA Bull Stack | 🏆 Near 52W High | 📉 Tight Base,403.35,0.34,406.91,394.86,351.3,✓,Buy,93.89,49.45,4.411,6.5217,-2.1107,,16.44,3855694,4346308,0.89,63835.0,34.0,20.045412,,,-6.2,-11.7,1.5183053,25.0,,https://www.screener.in/company/RBLBANK/,https://www.tradingview.com/chart/?symbol=NSE:RBLBANK
2026-10-01,GRANULES,Granules India Limited,Healthcare,Drug Manufacturers - Specialty & Generic,35.900000000000006,16.8,19.1,D,✅ Supertrend Buy | 📈 EMA Bull Stack | 🏆 Near 52W High | 📉 Tight Base,846.55,-2.33,862.66,851.93,742.31,✓,Buy,91.65,45.83,0.3248,3.6177,-3.2929,,19.52,819196,1492169,0.55,22416.0,30.52563,20.691544,,29.735,22.0,53.4,4.0044737,21.0,,https://www.screener.in/company/GRANULES/,https://www.tradingview.com/chart/?symbol=NSE:GRANULES
2026-10-01,INDIGRID,Indigrid Infrastructure Trust,Unknown,Unknown,35.6,13.1,22.5,D,📊 High Volume | 🏆 Near 52W High | 📉 Tight Base,170.98,-0.65,173.21,173.41,166.46,✗,Sell,96.46,33.22,-0.7008,-0.4796,-0.2212,,19.09,1264894,626680,2.02,13342.0,22.3738,16.813925,,,,,2.197054,0.0,,https://www.screener.in/company/INDIGRID/,https://www.tradingview.com/chart/?symbol=NSE:INDIGRID
2026-10-01,DEVYANI,Devyani International Limited,Consumer Cyclical,Restaurants,35.0,16.8,18.2,D,📈 EMA Bull Stack | 📉 Tight Base,130.29,-0.33,136.65,133.67,129.1,✓,Sell,75.43,37.5,-0.8843,0.5625,-1.4468,,24.27,1090016,1646168,0.66,15667.0,,123.23493,,203.327,16.5,300.0,10.161535,0.0,,https://www.screener.in/company/DEVYANI/,https://www.tradingview.com/chart/?symbol=NSE:DEVYANI
2026-10-01,RADICO,Radico Khaitan Limited,Consumer Defensive,Beverages - Wineries & Distilleries,33.8,19.2,14.6,D,📈 EMA Bull Stack | 🏆 Near 52W High | 📉 Tight Base,4366.0,0.05,4464.08,4386.17,3760.24,✓,Sell,91.97,44.47,-8.6386,2.3118,-10.9505,,18.4,387850,225495,1.72,56771.0,80.85878,53.14557,,15.033,11.8,76.0,17.110136,21.0,,https://www.screener.in/company/RADICO/,https://www.tradingview.com/chart/?symbol=NSE:RADICO
2026-10-01,AUBANK,AU Small Finance Bank Limited,Financial Services,Banks - Regional,33.7,10.8,22.9,D,📉 Tight Base,1010.3,0.51,1036.43,1046.59,992.15,✗,Sell,88.31,41.44,-16.1965,-11.6836,-4.5129,,23.63,1358165,1202986,1.13,73967.0,26.11802,16.313343,,,29.8,35.1,3.6933649,10.0,,https://www.screener.in/company/AUBANK/,https://www.tradingview.com/chart/?symbol=NSE:AUBANK
2026-10-01,NYKAA,FSN E-Commerce Ventures Limited,Consumer Cyclical,Internet Retail,33.400000000000006,16.8,16.6,D,📈 EMA Bull Stack | 🏆 Near 52W High | 📉 Tight Base,320.0,-2.25,332.29,328.61,292.68,✓,Sell,91.55,39.78,-1.6424,0.1847,-1.8271,,18.04,3980003,3528180,1.13,93107.0,361.05557,110.70344,,82.829,29.1,250.0,64.7053,0.0,,https://www.screener.in/company/NYKAA/,https://www.tradingview.com/chart/?symbol=NSE:NYKAA
2026-10-01,GAIL,GAIL (India) Limited,Utilities,Utilities - Regulated Gas,31.5,9.9,21.6,D,✅ Supertrend Buy | 🏆 Near 52W High | 📉 Tight Base,170.55,0.3,172.55,172.57,168.51,✗,Buy,93.79,43.73,-0.5572,-0.3007,-0.2565,,11.51,12187561,6197921,1.97,112579.0,11.391883,9.30889,,27.809,16.7,97.2,1.2631595,322.0,,https://www.screener.in/company/GAIL/,https://www.tradingview.com/chart/?symbol=NSE:GAIL
2026-10-01,ADANIENT,Adani Enterprises Limited,Energy,Thermal Coal,31.299999999999997,8.4,22.9,D,📉 Tight Base | 👤 High Promoter,2903.4,-2.34,2958.76,2975.97,2718.88,✗,Sell,89.47,45.2,-25.6772,-19.2096,-6.4676,,16.82,1663023,1425779,1.17,381317.0,48.996346,42.782505,,119.56,49.9,,4.499458,4.0,,https://www.screener.in/company/ADANIENT/,https://www.tradingview.com/chart/?symbol=NSE:ADANIENT
2026-10-01,GRASIM,Grasim Industries Limited,Basic Materials,Building Materials,29.6,8.4,21.2,D,📉 Tight Base,3061.9,-1.23,3190.3,3201.73,3031.91,✗,Sell,89.76,34.14,-39.4927,-23.1429,-16.3498,,25.44,448156,809021,0.55,200909.0,35.303932,19.612396,,135.044,21.4,51.3,1.9416126,33.0,,https://www.screener.in/company/GRASIM/,https://www.tradingview.com/chart/?symbol=NSE:GRASIM
2026-10-01,ADANIGREEN,Adani Green Energy Limited,Utilities,Utilities - Renewable,29.3,13.2,16.1,D,📉 Tight Base,1278.0,1.43,1287.92,1321.62,1245.65,✗,Sell,78.33,46.89,-14.4254,-15.1454,0.72,,15.71,1452231,1139845,1.27,210196.0,121.76527,42.77577,,346.548,16.6,18.5,10.896593,0.0,,https://www.screener.in/company/ADANIGREEN/,https://www.tradingview.com/chart/?symbol=NSE:ADANIGREEN
2026-10-01,NETWEB,Netweb Technologies India Limited,Technology,Computer Hardware,28.0,8.4,19.6,D,🎯 VCP Pattern,4548.0,-1.41,4765.53,4794.12,4166.15,✗,Sell,78.24,39.13,-114.4858,-84.0279,-30.4579,,26.2,586472,1081541,0.54,26872.0,98.41715,54.171204,,39.019,172.1,178.4,35.49286,7.0,,https://www.screener.in/company/NETWEB/,https://www.tradingview.com/chart/?symbol=NSE:NETWEB
2026-10-01,BAJAJCON,Bajaj Consumer Care Limited,Consumer Defensive,Household & Personal Products,27.2,6.0,21.2,D,✅ Supertrend Buy | 📉 Tight Base,495.55,0.52,502.1,512.01,460.48,✗,Buy,71.61,46.06,-3.7426,-2.3582,-1.3845,,15.92,260252,713229,0.36,6492.0,29.498514,21.954506,,2.092,28.1,95.7,8.814506,0.0,,https://www.screener.in/company/BAJAJCON/,https://www.tradingview.com/chart/?symbol=NSE:BAJAJCON
2026-10-01,IDEAFORGE,ideaForge Technology Limited,Technology,Computer Hardware,26.8,10.8,16.0,D,,730.95,1.56,742.48,774.72,692.1,✗,Sell,73.67,43.68,-19.9313,-22.6948,2.7635,,17.65,237947,237690,1.0,3654.0,835.2273,37.309643,,13.974,436.7,,5.309773,0.0,,https://www.screener.in/company/IDEAFORGE/,https://www.tradingview.com/chart/?symbol=NSE:IDEAFORGE
2026-10-01,THYROCARE,Thyrocare Technologies Limited,Healthcare,Diagnostics & Research,26.2,6.0,20.2,D,📉 Tight Base,534.15,-2.37,561.9,564.11,506.02,✗,Sell,80.69,36.18,-7.7287,-6.0116,-1.7171,,13.64,237351,218995,1.08,8493.0,48.421047,33.551304,,8.65,24.3,31.8,14.505518,306.0,,https://www.screener.in/company/THYROCARE/,https://www.tradingview.com/chart/?symbol=NSE:THYROCARE
2026-10-01,JSWSTEEL,JSW Steel Limited,Basic Materials,Steel,25.6,7.5,18.1,D,🏆 Near 52W High | 📉 Tight Base,1253.4,-1.49,1276.09,1278.38,1233.47,✗,Sell,92.78,43.18,-7.0352,-5.6579,-1.3773,,15.91,1329600,1291299,1.03,300973.0,12.1741705,16.923319,,95.374,9.8,113.0,3.007948,57.0,,https://www.screener.in/company/JSWSTEEL/,https://www.tradingview.com/chart/?symbol=NSE:JSWSTEEL
2026-10-01,TECHM,Tech Mahindra Limited,Technology,Information Technology Services,25.5,8.4,17.1,D,📉 Tight Base,1524.0,0.89,1552.47,1555.39,1499.88,✗,Sell,84.34,41.72,-14.1891,-11.3727,-2.8164,,10.62,2794174,1690909,1.65,135812.0,26.54086,17.546156,,7.269,17.7,28.3,4.5842204,335.0,,https://www.screener.in/company/TECHM/,https://www.tradingview.com/chart/?symbol=NSE:TECHM
